player_id,Mat,Inn,Runs,Avg,SR,HS,NO,100s,50s,4s,6s
265,234,206,4978,39.2,135.2,84,79,0,24,346,229
7836,63,12,79,11.29,138.6,39,5,0,0,2,6
10420,32,23,337,22.47,149.78,55,8,0,2,30,18
11813,36,36,1207,37.72,130.35,101,4,1,10,113,43
6667,59,9,33,8.25,89.19,13,5,0,0,5,0
1851,93,80,1196,22.15,123.17,69,26,0,4,101,40
9783,1,-,-,-,-,-,-,-,-,-,-
6311,188,175,4190,28.9,127.12,100,30,1,22,349,164
10100,12,6,54,18.0,108.0,22,3,0,0,3,3
8683,75,24,173,10.81,129.1,29,8,0,0,12,8
158,145,141,3874,30.99,137.91,117,16,4,21,376,190
75,163,90,833,15.15,137.91,64,35,0,1,79,42
413,205,200,5528,32.52,136.73,100,30,1,39,506,203
242,161,113,1560,22.61,129.57,70,44,0,5,121,66
1597,106,106,2619,25.93,121.87,127,5,2,13,247,91
1844,68,35,317,15.1,115.69,39,14,0,0,18,14
11595,5,-,-,-,-,-,-,-,-,-,-
9603,14,-,-,-,-,-,-,-,-,-,-
11675,7,4,73,24.33,110.61,39,1,0,0,7,1
587,210,161,2502,26.62,127.65,62,67,0,2,182,90
6258,24,5,18,0.0,69.23,7,5,0,0,1,0
7825,116,109,3403,34.37,130.58,96,10,0,25,314,109
466,165,82,584,11.68,111.03,24,32,0,0,54,18
13483,3,-,-,-,-,-,-,-,-,-,-
9428,101,101,2776,31.55,125.38,96,13,0,19,237,99
9781,38,6,31,15.5,163.16,12,4,0,0,2,3
11307,7,2,21,21.0,175.0,20,1,0,0,2,1
10484,3,1,7,0.0,53.85,7,1,0,0,0,0
13252,19,13,229,25.44,104.57,48,4,0,0,18,7
11427,30,6,8,8.0,66.67,3,5,0,0,0,0
8175,78,36,230,10.45,129.21,36,14,0,0,15,13
11214,8,6,18,3.6,75.0,7,1,0,0,1,1
1447,158,148,4074,30.86,120.68,105,16,2,28,431,80
8181,86,27,122,8.13,104.27,21,12,0,0,8,4
8989,67,59,1070,26.1,137.36,65,18,0,4,83,48
6534,13,13,329,29.91,129.02,91,2,0,2,39,9
6670,21,12,78,13.0,101.3,18,6,0,0,7,2
702,93,25,55,9.17,90.16,10,19,0,0,4,2
1454,154,56,362,11.68,93.06,31,25,0,0,29,5
12094,63,63,1588,25.21,147.45,99,0,0,12,192,55
13162,16,13,44,4.89,100.0,15,4,0,0,1,3
9585,63,26,186,12.4,105.08,44,11,0,0,16,6
8808,122,88,1135,19.24,128.83,44,29,0,0,67,54
10744,98,97,2838,34.61,147.97,128,15,1,15,260,129
11158,9,1,0,0.0,0.0,0,0,0,0,0,0
9789,46,44,831,30.78,152.2,75,17,0,3,55,52
1446,206,205,6243,34.88,126.33,106,26,2,47,701,136
9200,3,3,32,16.0,110.34,14,1,0,0,0,1
1593,184,75,647,13.48,117.64,50,27,0,1,51,21
8733,109,100,3889,48.01,136.22,132,19,4,31,327,164
13217,37,9,23,5.75,65.71,10,5,0,0,3,0
9395,6,1,0,0.0,0.0,0,0,0,0,0,0
8925,28,20,186,13.29,167.57,33,6,0,0,13,12
9427,95,75,1236,20.26,132.05,64,14,0,7,77,56
9429,46,33,532,24.18,137.82,67,11,0,1,59,13
7662,110,106,2319,25.48,153.88,95,15,0,13,197,127
12071,19,7,12,4.0,80.0,10,4,0,0,2,0
12779,2,-,-,-,-,-,-,-,-,-,-
9406,47,44,912,26.06,151.24,77,9,0,4,51,65
14254,6,6,64,10.67,96.97,16,0,0,0,6,2
10357,22,10,70,17.5,114.75,34,6,0,0,6,3
9493,6,3,3,1.5,42.86,2,1,0,0,0,0
14659,37,5,8,4.0,47.06,6,3,0,0,1,0
11404,1,-,-,-,-,-,-,-,-,-,-
8983,14,10,92,10.22,98.92,22,1,0,0,6,2
8257,76,68,1496,23.75,127.75,83,5,0,10,161,39
7909,93,23,69,6.27,94.52,21,12,0,0,5,2
6319,108,95,1692,21.42,123.32,77,16,0,6,176,37
6532,28,11,75,9.38,115.38,30,3,0,0,3,3
14452,15,9,106,35.33,111.58,25,6,0,0,6,5
247,142,141,4965,39.72,148.96,175,16,6,31,405,357
8796,42,13,35,3.89,70.0,9,4,0,0,2,1
2195,113,107,2331,22.63,134.51,106,4,1,12,227,91
624,83,75,1405,22.66,122.6,68,13,0,5,112,64
8095,42,31,379,18.95,152.21,66,11,0,3,24,26
10162,1,-,-,-,-,-,-,-,-,-,-
8292,59,18,105,15.0,82.68,16,11,0,0,8,2
12092,12,7,22,5.5,66.67,8,3,0,0,1,0
2276,148,86,1025,14.86,162.7,75,17,0,4,112,63
9204,91,85,2181,27.96,134.22,87,7,0,15,190,111
8944,5,-,-,-,-,-,-,-,-,-,-
11808,74,71,1900,32.2,125.25,96,12,0,14,188,47
10896,17,15,251,20.92,130.05,42,3,0,0,23,9
12926,42,10,24,8.0,64.86,10,7,0,0,2,0
6496,8,1,1,0.0,20.0,1,1,0,0,0,0
9237,33,6,18,9.0,46.15,7,4,0,0,1,0
11450,-,-,-,-,-,-,-,-,-,-,-
9012,76,74,1798,27.66,140.8,93,9,0,10,176,68
12345,32,12,51,5.67,91.07,20,3,0,0,4,2
7736,98,82,2035,30.37,177.88,88,15,0,10,137,175
10551,51,10,9,3.0,37.5,4,7,0,0,0,0
9295,4,4,31,7.75,62.0,22,0,0,0,2,0
9218,1,1,15,15.0,115.38,15,0,0,0,1,1
145,229,208,4376,26.85,132.65,97,45,0,20,426,134
10692,35,9,67,33.5,148.89,24,7,0,0,6,2
12254,2,2,18,9.0,90.0,10,0,0,0,1,1
576,227,222,5879,30.3,129.89,109,28,1,40,519,240
8117,78,18,53,10.6,110.42,17,13,0,0,2,2
12087,55,19,108,8.31,108.0,25,6,0,0,10,4
8520,92,92,2764,32.14,133.91,140,6,2,19,277,106
10276,75,70,1870,29.22,132.34,99,6,0,12,166,85
7752,42,42,1329,34.08,140.63,93,3,0,10,132,66
3651,-,-,-,-,-,-,-,-,-,-,-
9647,107,100,1963,30.2,147.59,91,35,0,8,146,110
657,189,171,3412,28.67,147.32,87,52,0,16,218,223
12344,3,1,0,0.0,0.0,0,0,0,0,0,0
6315,35,28,339,14.12,124.18,59,4,0,1,40,11
8182,19,5,40,10.0,111.11,23,1,0,0,2,1
7915,123,108,2644,30.05,136.78,82,20,0,16,284,84
1601,93,74,1494,28.73,120.1,61,22,0,8,111,50
13748,10,9,106,15.14,101.92,28,2,0,0,3,8
2283,10,2,15,15.0,115.38,11,1,0,0,2,0
11311,98,85,1326,22.1,136.7,86,25,0,1,121,50
1451,92,23,104,11.56,96.3,28,14,0,0,7,2
9311,120,26,56,8.0,84.85,16,19,0,0,4,1
10947,3,3,29,9.67,107.41,16,0,0,0,3,1
2250,103,93,2485,34.51,128.09,101,21,1,11,225,60
14696,1,-,-,-,-,-,-,-,-,-,-
11540,35,23,195,15.0,157.26,27,10,0,0,11,14
9522,13,10,127,25.4,118.69,54,5,0,1,10,3
13940,23,23,547,23.78,134.73,68,0,0,3,62,22
13136,16,7,13,3.25,81.25,7,3,0,0,1,0
12627,20,8,27,9.0,93.1,7,5,0,0,3,0
12305,47,37,522,16.84,124.88,56,6,0,2,40,22
8271,138,134,3526,29.14,135.72,119,13,3,17,279,158
6557,43,42,920,25.56,134.5,107,6,2,2,79,32
11442,4,-,-,-,-,-,-,-,-,-,-
6327,91,26,164,13.67,123.31,26,14,0,0,13,6
8358,55,50,1073,22.35,131.17,95,2,0,3,103,43
527,205,197,4952,27.51,130.35,88,17,0,27,481,182
9617,30,13,91,10.11,119.74,25,4,0,0,6,5
9693,64,46,738,25.45,130.39,53,17,0,1,57,35
10919,10,5,69,17.25,146.81,25,1,0,0,5,4
8924,29,7,26,5.2,63.41,8,2,0,0,2,1
6349,105,102,2455,36.64,137.69,101,35,1,12,169,113
10954,18,15,267,20.54,128.37,47,2,0,0,15,13
9746,49,22,180,12.86,106.51,24,8,0,0,19,2
2258,82,81,2831,39.87,149.71,124,10,5,15,277,135
13135,10,9,129,14.33,108.4,66,0,0,1,10,7
6293,52,13,50,10.0,69.44,17,8,0,0,2,2
1413,223,215,6624,36.2,129.15,113,32,5,44,578,218
7910,131,20,37,5.29,43.02,8,13,0,0,0,0
1643,92,90,2091,24.89,128.2,88,6,0,15,214,78
10808,65,20,96,13.71,88.07,14,13,0,0,10,2
8281,50,35,365,14.04,126.3,36,9,0,0,27,16
74,139,137,2848,22.6,120.78,81,11,0,13,365,49
9715,30,7,33,8.25,89.19,12,3,0,0,3,0
508,95,37,167,7.59,104.38,19,15,0,0,14,3
10945,51,33,318,14.45,120.45,40,11,0,0,26,9
8642,14,2,5,2.5,62.5,5,0,0,0,1,0
1858,133,45,177,9.83,105.36,24,27,0,0,15,8
1920,10,4,15,5.0,136.36,10,1,0,0,1,1
14606,29,19,279,18.6,118.72,45,4,0,0,18,11
13172,5,5,78,19.5,101.3,33,1,0,0,9,1
13088,46,46,1260,28.0,124.38,101,1,1,7,135,36
8333,81,51,618,22.07,155.28,82,23,0,2,41,35
8298,41,32,511,21.29,121.09,65,8,0,2,55,11
11195,35,33,688,24.57,133.33,95,5,0,3,46,38
370,184,170,5162,39.71,151.69,133,40,3,40,413,251
6692,44,42,910,23.33,143.99,93,3,0,5,76,53
1739,162,162,5881,42.01,140.69,126,22,4,55,578,215
12086,36,34,667,23.82,135.29,75,6,0,2,64,25
9785,5,4,14,7.0,73.68,8,2,0,0,1,0
10267,25,8,32,32.0,91.43,13,7,0,0,1,1
1807,31,21,293,14.65,99.32,52,1,0,1,32,3
1828,55,12,20,5.0,55.56,7,8,0,0,1,0
7906,72,22,39,2.79,44.83,6,8,0,0,2,0
1836,160,149,3648,29.9,121.52,114,27,1,21,317,105
10738,92,43,313,11.18,151.94,40,15,0,0,20,22
11631,1,1,0,0.0,0.0,0,0,0,0,0,0
9572,6,1,5,0.0,250.0,5,1,0,0,1,0
6326,76,75,2101,36.22,126.03,89,17,0,18,181,64
10213,3,2,15,7.5,57.69,11,0,0,0,1,0
8204,51,43,731,23.58,122.04,63,12,0,3,46,28
8356,104,25,52,8.67,81.25,9,19,0,0,4,0
1465,144,119,2427,25.28,127.87,115,23,1,11,231,76
13113,2,1,0,0.0,0.0,0,1,0,0,0,0
10225,35,4,3,0.0,60.0,3,4,0,0,0,0
3007,17,14,180,15.0,151.26,31,2,0,0,16,9
8313,38,24,247,13.0,124.12,47,5,0,0,13,17
12089,21,17,251,15.69,115.14,51,1,0,1,15,9
6507,39,39,1291,35.86,142.65,114,3,1,9,133,55
10952,34,5,1,0.2,14.29,1,0,0,0,0,0
14628,25,20,226,14.12,142.14,33,4,0,0,12,14
1448,30,22,390,20.53,99.74,51,3,0,1,50,4
9244,1,-,-,-,-,-,-,-,-,-,-
7990,30,27,503,19.35,129.64,56,1,0,3,40,20
10484,3,1,7,0.0,53.85,7,1,0,0,0,0
11893,3,3,19,6.33,73.08,9,0,0,0,1,1
9443,3,3,26,8.67,113.04,21,0,0,0,4,0
544,71,52,793,19.82,124.49,66,12,0,2,73,21
8846,9,8,61,10.17,107.02,16,2,0,0,5,1
15861,5,4,5,2.5,38.46,2,2,0,0,0,0
8118,21,17,238,21.64,168.79,39,6,0,0,15,19
10917,22,22,552,27.6,120.79,67,2,0,5,54,21
7625,10,6,23,5.75,79.31,15,2,0,0,0,1
14565,10,5,9,3.0,90.0,8,2,0,0,0,1
6660,1,1,26,26.0,100.0,26,0,0,0,1,1
10280,3,2,15,7.5,62.5,15,0,0,0,2,0
10226,19,18,270,19.29,121.62,47,4,0,0,13,19
12226,13,2,0,0.0,0.0,0,2,0,0,0,0
1437,62,54,1000,27.78,126.9,74,18,0,5,87,28
8107,1,-,-,-,-,-,-,-,-,-,-
15480,5,3,18,9.0,100.0,12,1,0,0,0,1
9863,46,8,12,12.0,54.55,8,7,0,0,0,1
13494,17,6,16,3.2,64.0,7,1,0,0,2,0
10045,23,23,549,27.45,166.87,70,3,0,4,38,40
13537,1,1,0,0.0,0.0,0,1,0,0,0,0
10693,3,3,26,13.0,78.79,14,1,0,0,1,2
8709,19,11,144,16.0,122.03,33,2,0,0,11,5
10636,12,11,404,40.4,144.29,112,1,1,2,30,21
9441,9,7,65,16.25,118.18,16,3,0,0,5,3
12669,5,5,67,13.4,113.56,34,0,0,0,7,2
13169,9,9,187,31.17,210.11,46,3,0,0,12,16
8393,12,8,43,10.75,153.57,17,4,0,0,3,3
10926,18,9,39,4.88,86.67,18,1,0,0,4,1
1726,146,57,241,8.31,96.4,24,28,0,0,23,3
13866,5,5,145,36.25,127.19,65,1,0,1,14,3
13213,-,-,-,-,-,-,-,-,-,-,-
1649,13,13,179,13.77,104.68,35,0,0,0,23,2
14172,9,1,0,0.0,0.0,0,0,0,0,0,0
1472,42,15,26,3.25,59.09,6,7,0,0,1,0
11220,12,5,20,20.0,100.0,15,4,0,0,2,0
11595,5,-,-,-,-,-,-,-,-,-,-
15452,-,-,-,-,-,-,-,-,-,-,-
13750,-,-,-,-,-,-,-,-,-,-,-
9838,7,7,252,42.0,145.66,87,1,0,3,22,12
18504,9,2,7,7.0,100.0,7,1,0,0,0,1
16458,2,-,-,-,-,-,-,-,-,-,-
13184,13,2,6,6.0,100.0,4,1,0,0,1,0
12805,2,-,-,-,-,-,-,-,-,-,-
8651,6,5,44,11.0,157.14,22,1,0,0,3,3
11445,14,12,250,25.0,149.7,67,2,0,1,10,22
9863,46,8,12,12.0,54.55,8,7,0,0,0,1
6250,29,23,476,22.67,123.32,89,2,0,2,28,28
12813,1,1,4,4.0,50.0,4,0,0,0,1,0
9624,3,3,21,7.0,70.0,15,0,0,0,2,0
1057,52,20,120,9.23,112.15,36,7,0,0,8,4
9500,-,-,-,-,-,-,-,-,-,-,-
8579,27,26,654,27.25,137.11,65,2,0,4,62,36
8440,-,-,-,-,-,-,-,-,-,-,-
18738,1,1,4,4.0,100.0,4,0,0,0,1,0
13907,13,11,161,20.12,123.85,54,3,0,1,11,7
14504,14,14,397,36.09,131.02,61,3,0,2,29,16
12337,5,4,45,22.5,112.5,14,2,0,0,3,1
20538,7,7,161,23.0,142.48,49,0,0,0,14,11
14190,4,1,3,3.0,60.0,3,0,0,0,0,0
7860,10,5,8,2.0,57.14,6,1,0,0,0,1
14595,5,3,43,21.5,89.58,25,1,0,0,5,0
11054,1,1,4,0.0,400.0,4,1,0,0,1,0
7869,9,9,206,22.89,159.69,43,0,0,0,16,13
10214,12,10,234,29.25,163.64,44,2,0,0,22,12
11215,6,6,51,17.0,115.91,25,3,0,0,1,5
22601,2,2,11,5.5,78.57,11,0,0,0,1,0
8616,32,21,190,21.11,108.57,25,12,0,0,17,6
9554,3,3,22,11.0,91.67,12,1,0,0,2,0
14336,7,1,0,0.0,0.0,0,1,0,0,0,0
11221,7,1,8,8.0,160.0,8,0,0,0,0,1
12639,1,-,-,-,-,-,-,-,-,-,-
10353,11,5,24,8.0,114.29,12,2,0,0,0,2
10713,2,2,33,16.5,75.0,17,0,0,0,1,0
12669,5,5,67,13.4,113.56,34,0,0,0,7,2
11172,-,-,-,-,-,-,-,-,-,-,-
14726,5,1,0,0.0,0.0,0,0,0,0,0,0
6592,7,2,18,9.0,60.0,18,0,0,0,3,0
9582,20,18,527,40.54,134.1,68,5,0,3,37,23
19027,17,4,4,4.0,50.0,3,3,0,0,0,0
13646,3,3,58,29.0,141.46,26,1,0,0,2,5
8136,3,3,22,7.33,122.22,14,0,0,0,1,2
