playerId,Player name,Mat,Inn_bat,Runs_bat,Avg_bat,SR,HS,NO,100s,50s,4s,6s,Inn_bowl,Balls,Runs_bowl,Wkt,BBI,BBM,Eco,Avg_bowl,5W,10W
265,MS Dhoni,234,206,4978,39.2,135.2,84,79,0,24,346,229,0,0,0,0,0,0,0.0,0.0,0,0
7836,Deepak Chahar,63,12,79,11.29,138.6,39,5,0,0,2,6,63,1324,1722,59,13 / 6,13 / 6,7.8,29.19,0,0
10420,Sam Curran,32,23,337,22.47,149.78,55,8,0,2,30,18,31,648,995,32,11 / 3,11 / 3,9.21,31.09,0,0
11813,Ruturaj Gaikwad,36,36,1207,37.72,130.35,101,4,1,10,113,43,0,0,0,0,0,0,0.0,0.0,0,0
6667,Imran Tahir,59,9,33,8.25,89.19,13,5,0,0,5,0,59,1316,1703,82,12 / 5,12 / 5,7.76,20.77,0,0
1851,Kedar Jadhav,93,80,1196,22.15,123.17,69,26,0,4,101,40,0,0,0,0,0,0,0.0,0.0,0,0
9783,Monu Kumar,1,0,0,0.0,0.0,0,0,0,0,0,0,1,12,20,0,20 / -,20 / -,10.0,0.0,0,0
6311,Ambati Rayudu,188,175,4190,28.9,127.12,100,30,1,22,349,164,0,0,0,0,0,0,0.0,0.0,0,0
10100,Mitchell Santner,12,6,54,18.0,108.0,22,3,0,0,3,3,12,240,277,10,13 / 4,13 / 4,6.92,27.7,0,0
8683,Shardul Thakur,75,24,173,10.81,129.1,29,8,0,0,12,8,74,1550,2340,82,36 / 4,36 / 4,9.06,28.54,0,0
158,Shane Watson,145,141,3874,30.99,137.91,117,16,4,21,376,190,105,2029,2682,92,29 / 4,29 / 4,7.93,29.15,0,0
75,Harbhajan Singh,163,90,833,15.15,137.91,64,35,0,1,79,42,160,3416,4030,150,18 / 4,18 / 4,7.08,26.87,1,0
413,Suresh Raina,205,200,5528,32.52,136.73,100,30,1,39,506,203,69,908,1118,25,0 / 2,0 / 2,7.39,44.72,0,0
242,Dwayne Bravo,161,113,1560,22.61,129.57,70,44,0,5,121,66,158,3119,4360,183,22 / 4,22 / 4,8.39,23.83,0,0
1597,Murali Vijay,106,106,2619,25.93,121.87,127,5,2,13,247,91,4,36,49,0,8 / 0,8 / 0,8.17,0.0,0,0
1844,Karn Sharma,68,35,317,15.1,115.69,39,14,0,0,18,14,66,1222,1610,59,16 / 1,16 / 1,7.91,27.29,0,0
11595,Ravisrinivasan Sai Kishore,5,0,0,0.0,0.0,0,0,0,0,0,0,5,96,121,6,7 / -,7 / -,7.56,20.17,0,0
11595,Ravisrinivasan Sai Kishore,5,0,0,0.0,0.0,0,0,0,0,0,0,5,96,121,6,7 / -,7 / -,7.56,20.17,0,0
11595,Ravisrinivasan Sai Kishore,5,0,0,0.0,0.0,0,0,0,0,0,0,5,96,121,6,7 / -,7 / -,7.56,20.17,0,0
11595,Ravisrinivasan Sai Kishore,5,0,0,0.0,0.0,0,0,0,0,0,0,5,96,121,6,7 / -,7 / -,7.56,20.17,0,0
11595,Ravisrinivasan Sai Kishore,5,0,0,0.0,0.0,0,0,0,0,0,0,5,96,121,6,7 / -,7 / -,7.56,20.17,0,0
11595,Ravisrinivasan Sai Kishore,5,0,0,0.0,0.0,0,0,0,0,0,0,5,96,121,6,7 / -,7 / -,7.56,20.17,0,0
11595,Ravisrinivasan Sai Kishore,5,0,0,0.0,0.0,0,0,0,0,0,0,5,96,121,6,7 / -,7 / -,7.56,20.17,0,0
11595,Ravisrinivasan Sai Kishore,5,0,0,0.0,0.0,0,0,0,0,0,0,5,96,121,6,7 / -,7 / -,7.56,20.17,0,0
11595,R Sai Kishore,5,0,0,0.0,0.0,0,0,0,0,0,0,5,96,121,6,7 / -,7 / -,7.56,20.17,0,0
11595,R Sai Kishore,5,0,0,0.0,0.0,0,0,0,0,0,0,5,96,121,6,7 / -,7 / -,7.56,20.17,0,0
11595,R Sai Kishore,5,0,0,0.0,0.0,0,0,0,0,0,0,5,96,121,6,7 / -,7 / -,7.56,20.17,0,0
11595,R Sai Kishore,5,0,0,0.0,0.0,0,0,0,0,0,0,5,96,121,6,7 / -,7 / -,7.56,20.17,0,0
11595,R Sai Kishore,5,0,0,0.0,0.0,0,0,0,0,0,0,5,96,121,6,7 / -,7 / -,7.56,20.17,0,0
11595,R Sai Kishore,5,0,0,0.0,0.0,0,0,0,0,0,0,5,96,121,6,7 / -,7 / -,7.56,20.17,0,0
11595,R Sai Kishore,5,0,0,0.0,0.0,0,0,0,0,0,0,5,96,121,6,7 / -,7 / -,7.56,20.17,0,0
11595,R Sai Kishore,5,0,0,0.0,0.0,0,0,0,0,0,0,5,96,121,6,7 / -,7 / -,7.56,20.17,0,0
9603,Lungi Ngidi,14,0,0,0.0,0.0,0,0,0,0,0,0,14,324,448,25,10 / 4,10 / 4,8.3,17.92,0,0
11675,Narayan Jagadeesan,7,4,73,24.33,110.61,39,1,0,0,7,1,0,0,0,0,0,0,0.0,0.0,0,0
587,Ravindra Jadeja,210,161,2502,26.62,127.65,62,67,0,2,182,90,181,3205,4064,132,16 / 3,16 / 3,7.61,30.79,1,0
6258,Josh Hazlewood,24,5,18,0.0,69.23,7,5,0,0,1,0,24,549,734,32,25 / 4,25 / 4,8.02,22.94,0,0
7825,Faf du Plessis,116,109,3403,34.37,130.58,96,10,0,25,314,109,1,6,16,0,16 / 0,16 / 0,16.0,0.0,0,0
466,Piyush Chawla,165,82,584,11.68,111.03,24,32,0,0,54,18,164,3274,4301,157,17 / 2,17 / 2,7.88,27.39,0,0
13483,KM Asif,3,0,0,0.0,0.0,0,0,0,0,0,0,3,49,93,4,43 / -,43 / -,11.39,23.25,0,0
9428,Shreyas Iyer,101,101,2776,31.55,125.38,96,13,0,19,237,99,1,6,7,0,7 / 0,7 / 0,7.0,0.0,0,0
9781,Avesh Khan,38,6,31,15.5,163.16,12,4,0,0,2,3,38,832,1165,47,24 / 4,24 / 4,8.4,24.79,0,0
11307,Tushar Deshpande,7,2,21,21.0,175.0,20,1,0,0,2,1,7,144,255,4,37 / -,37 / -,10.62,63.75,0,0
10484,Praveen Dubey,3,1,7,0.0,53.85,7,1,0,0,0,0,3,48,72,0,14 / -,14 / -,9.0,0.0,0,0
10484,Praveen Dubey,3,1,7,0.0,53.85,7,1,0,0,0,0,3,48,72,0,14 / -,14 / -,9.0,0.0,0,0
10484,Praveen Dubey,3,1,7,0.0,53.85,7,1,0,0,0,0,3,48,72,0,14 / -,14 / -,9.0,0.0,0,0
10484,Praveen Dubey,3,1,7,0.0,53.85,7,1,0,0,0,0,3,48,72,0,14 / -,14 / -,9.0,0.0,0,0
10484,Praveen Dubey,3,1,7,0.0,53.85,7,1,0,0,0,0,3,48,72,0,14 / -,14 / -,9.0,0.0,0,0
10484,Praveen Dubey,3,1,7,0.0,53.85,7,1,0,0,0,0,3,48,72,0,14 / -,14 / -,9.0,0.0,0,0
10484,Praveen Dubey,3,1,7,0.0,53.85,7,1,0,0,0,0,3,48,72,0,14 / -,14 / -,9.0,0.0,0,0
10484,Praveen Dubey,3,1,7,0.0,53.85,7,1,0,0,0,0,3,48,72,0,14 / -,14 / -,9.0,0.0,0,0
10484,Praveen Dubey,3,1,7,0.0,53.85,7,1,0,0,0,0,3,48,72,0,14 / -,14 / -,9.0,0.0,0,0
10484,Praveen Dubey,3,1,7,0.0,53.85,7,1,0,0,0,0,3,48,72,0,14 / -,14 / -,9.0,0.0,0,0
10484,Praveen Dubey,3,1,7,0.0,53.85,7,1,0,0,0,0,3,48,72,0,14 / -,14 / -,9.0,0.0,0,0
10484,Praveen Dubey,3,1,7,0.0,53.85,7,1,0,0,0,0,3,48,72,0,14 / -,14 / -,9.0,0.0,0,0
10484,Praveen Dubey,3,1,7,0.0,53.85,7,1,0,0,0,0,3,48,72,0,14 / -,14 / -,9.0,0.0,0,0
10484,Praveen Dubey,3,1,7,0.0,53.85,7,1,0,0,0,0,3,48,72,0,14 / -,14 / -,9.0,0.0,0,0
10484,Praveen Dubey,3,1,7,0.0,53.85,7,1,0,0,0,0,3,48,72,0,14 / -,14 / -,9.0,0.0,0,0
10484,Praveen Dubey,3,1,7,0.0,53.85,7,1,0,0,0,0,3,48,72,0,14 / -,14 / -,9.0,0.0,0,0
13252,Lalit Yadav,19,13,229,25.44,104.57,48,4,0,0,18,7,13,192,251,8,11 / -,11 / -,7.84,31.38,0,0
11427,Anrich Nortje,30,6,8,8.0,66.67,3,5,0,0,0,0,30,682,916,43,33 / 3,33 / 3,8.06,21.3,0,0
8175,Harshal Patel,78,36,230,10.45,129.21,36,14,0,0,15,13,76,1585,2218,97,27 / 4,27 / 4,8.4,22.87,1,0
11214,Keemo Paul,8,6,18,3.6,75.0,7,1,0,0,1,1,8,163,237,9,17 / 5,17 / 5,8.72,26.33,0,0
1447,Ajinkya Rahane,158,148,4074,30.86,120.68,105,16,2,28,431,80,1,6,5,1,5 / -,5 / -,5.0,5.0,0,0
8181,Mohit Sharma,86,27,122,8.13,104.27,21,12,0,0,8,4,86,1754,2470,92,14 / 2,14 / 2,8.45,26.85,0,0
8989,Marcus Stoinis,67,59,1070,26.1,137.36,65,18,0,4,83,48,50,654,1048,34,15 / 2,15 / 2,9.61,30.82,0,0
6534,Jason Roy,13,13,329,29.91,129.02,91,2,0,2,39,9,0,0,0,0,0,0,0.0,0.0,0,0
6670,Chris Woakes,21,12,78,13.0,101.3,18,6,0,0,7,2,21,440,658,30,6 / 2,6 / 2,8.97,21.93,0,0
702,Ishant Sharma,93,25,55,9.17,90.16,10,19,0,0,4,2,93,1997,2701,72,12 / 2,12 / 2,8.12,37.51,1,0
1454,Amit Mishra,154,56,362,11.68,93.06,31,25,0,0,29,5,154,3245,3976,166,17 / 3,17 / 3,7.35,23.95,1,0
12094,Prithvi Shaw,63,63,1588,25.21,147.45,99,0,0,12,192,55,0,0,0,0,0,0,0.0,0.0,0,0
13162,Daniel Sams,16,13,44,4.89,100.0,15,4,0,0,1,3,16,360,523,14,30 / 2,30 / 2,8.72,37.36,0,0
9585,Kagiso Rabada,63,26,186,12.4,105.08,44,11,0,0,16,6,63,1428,1966,99,21 / 3,21 / 3,8.26,19.86,0,0
8808,Axar Patel,122,88,1135,19.24,128.83,44,29,0,0,67,54,121,2553,3083,101,21 / 3,21 / 3,7.25,30.52,0,0
10744,Rishabh Pant,98,97,2838,34.61,147.97,128,15,1,15,260,129,0,0,0,0,0,0,0.0,0.0,0,0
11158,Sandeep Lamichhane,9,1,0,0.0,0.0,0,0,0,0,0,0,9,210,292,13,36 / 4,36 / 4,8.34,22.46,0,0
9789,Shimron Hetmyer,46,44,831,30.78,152.2,75,17,0,3,55,52,0,0,0,0,0,0,0.0,0.0,0,0
1446,Shikhar Dhawan,206,205,6243,34.88,126.33,106,26,2,47,701,136,6,48,66,4,7 / -,7 / -,8.25,16.5,0,0
9200,Alex Carey,3,3,32,16.0,110.34,14,1,0,0,0,1,0,0,0,0,0,0,0.0,0.0,0,0
1593,Ravichandran Ashwin,184,75,647,13.48,117.64,50,27,0,1,51,21,181,3900,4534,157,34 / 4,34 / 4,6.98,28.88,0,0
8733,KL Rahul,109,100,3889,48.01,136.22,132,19,4,31,327,164,0,0,0,0,0,0,0.0,0.0,0,0
13217,Arshdeep Singh,37,9,23,5.75,65.71,10,5,0,0,3,0,37,757,1054,40,32 / 2,32 / 2,8.35,26.35,1,0
9395,Sheldon Cottrell,6,1,0,0.0,0.0,0,0,0,0,0,0,6,120,176,6,17 / 4,17 / 4,8.8,29.33,0,0
8925,Krishnappa Gowtham,28,20,186,13.29,167.57,33,6,0,0,13,12,28,480,661,18,12 / -,12 / -,8.26,36.72,0,0
9427,Deepak Hooda,95,75,1236,20.26,132.05,64,14,0,7,77,56,30,349,501,10,16 / 0,16 / 0,8.61,50.1,0,0
9429,Sarfaraz khan,46,33,532,24.18,137.82,67,11,0,1,59,13,1,2,6,0,6 / -,6 / -,0.0,0.0,0,0
7662,Glenn Maxwell,110,106,2319,25.48,153.88,95,15,0,13,197,127,66,786,1080,28,15 / 3,15 / 3,8.24,38.57,0,0
12071,Mujeeb Ur Rahman,19,7,12,4.0,80.0,10,4,0,0,2,0,19,434,592,19,27 / 5,27 / 5,8.18,31.16,0,0
12779,Darshan Nalkande,2,0,0,0.0,0.0,0,0,0,0,0,0,2,31,59,2,37 / -,37 / -,11.42,29.5,0,0
9406,Nicholas Pooran,47,44,912,26.06,151.24,77,9,0,4,51,65,0,0,0,0,0,0,0.0,0.0,0,0
14254,Prabhsimran Singh,6,6,64,10.67,96.97,16,0,0,0,6,2,0,0,0,0,0,0,0.0,0.0,0,0
10357,Jagadeesha Suchith,22,10,70,17.5,114.75,34,6,0,0,6,3,21,420,602,19,12 / -,12 / -,8.6,31.68,0,0
9493,Hardus Viljoen,6,3,3,1.5,42.86,2,1,0,0,0,0,6,138,222,7,39 / -,39 / -,9.65,31.71,0,0
14659,Ravi Bishnoi,37,5,8,4.0,47.06,6,3,0,0,1,0,37,846,1062,37,24 / 2,24 / 2,7.53,28.7,0,0
11404,Ishan Porel,1,0,0,0.0,0.0,0,0,0,0,0,0,1,24,39,1,39 / -,39 / -,9.75,39.0,0,0
8983,James Neesham,14,10,92,10.22,98.92,22,1,0,0,6,2,13,216,334,8,12 / 3,12 / 3,9.28,41.75,0,0
8257,Karun Nair,76,68,1496,23.75,127.75,83,5,0,10,161,39,0,0,0,0,0,0,0.0,0.0,0,0
7909,Mohammed Shami,93,23,69,6.27,94.52,21,12,0,0,5,2,93,2036,2890,99,15 / 3,15 / 3,8.52,29.19,0,0
6319,Mandeep Singh,108,95,1692,21.42,123.32,77,16,0,6,176,37,2,12,26,0,8 / -,8 / -,13.0,0.0,0,0
6532,Chris Jordan,28,11,75,9.38,115.38,30,3,0,0,3,3,28,536,833,27,11 / 4,11 / 4,9.32,30.85,0,0
14452,Harpreet Brar,15,9,106,35.33,111.58,25,6,0,0,6,5,15,288,374,9,19 / -,19 / -,7.79,41.56,0,0
247,Chris Gayle,142,141,4965,39.72,148.96,175,16,6,31,405,357,38,554,729,18,21 / 2,21 / 2,7.9,40.5,0,0
8796,Murugan Ashwin,42,13,35,3.89,70.0,9,4,0,0,2,1,42,846,1109,35,21 / -,21 / -,7.87,31.69,0,0
2195,Mayank Agarwal,113,107,2331,22.63,134.51,106,4,1,12,227,91,0,0,0,0,0,0,0.0,0.0,0,0
624,Eoin Morgan,83,75,1405,22.66,122.6,68,13,0,5,112,64,0,0,0,0,0,0,0.0,0.0,0,0
8095,Pat Cummins,42,31,379,18.95,152.21,66,11,0,3,24,26,42,953,1357,45,34 / 3,34 / 3,8.54,30.16,0,0
10162,Chris Green,1,0,0,0.0,0.0,0,0,0,0,0,0,1,17,24,0,24 / -,24 / -,8.47,0.0,0,0
8292,Kuldeep Yadav,59,18,105,15.0,82.68,16,11,0,0,8,2,57,1194,1655,61,14 / 5,14 / 5,8.32,27.13,0,0
12092,Kamlesh Nagarkoti,12,7,22,5.5,66.67,8,3,0,0,1,0,11,180,285,5,13 / -,13 / -,9.5,57.0,0,0
2276,Sunil Narine,148,86,1025,14.86,162.7,75,17,0,4,112,63,147,3457,3820,152,19 / 4,19 / 4,6.63,25.13,1,0
9204,Nitish Rana,91,85,2181,27.96,134.22,87,7,0,15,190,111,18,127,177,7,11 / -,11 / -,8.36,25.29,0,0
8944,Sandeep Warrier,5,0,0,0.0,0.0,0,0,0,0,0,0,5,102,134,2,31 / 0,31 / 0,7.88,67.0,0,0
11808,Shubman Gill,74,71,1900,32.2,125.25,96,12,0,14,188,47,0,0,0,0,0,0,0.0,0.0,0,0
10896,Rinku Singh,17,15,251,20.92,130.05,42,3,0,0,23,9,0,0,0,0,0,0,0.0,0.0,0,0
12926,Varun Chakravarthy,42,10,24,8.0,64.86,10,7,0,0,2,0,42,972,1171,42,20 / 1,20 / 1,7.23,27.88,1,0
6496,Harry Gurney,8,1,1,0.0,20.0,1,1,0,0,0,0,8,162,238,7,25 / 2,25 / 2,8.81,34.0,0,0
9237,Pravin Tambe,33,6,18,9.0,46.15,7,4,0,0,1,0,33,660,853,28,20 / -,20 / -,7.75,30.46,0,0
11450,Ali Khan,0,0,0,0.0,0.0,0,0,0,0,0,0,0,0,0,0,0,0,0.0,0.0,0,0
9012,Rahul Tripathi,76,74,1798,27.66,140.8,93,9,0,10,176,68,1,6,12,0,12 / -,12 / -,12.0,0.0,0,0
12345,Shivam Mavi,32,12,51,5.67,91.07,20,3,0,0,4,2,32,649,942,30,21 / -,21 / -,8.71,31.4,0,0
7736,Andre Russell,98,82,2035,30.37,177.88,88,15,0,10,137,175,89,1430,2179,89,15 / 3,15 / 3,9.14,24.48,1,0
10551,Prasidh Krishna,51,10,9,3.0,37.5,4,7,0,0,0,0,51,1145,1703,49,30 / -,30 / -,8.92,34.76,0,0
9295,Nikhil Naik,4,4,31,7.75,62.0,22,0,0,0,2,0,0,0,0,0,0,0,0.0,0.0,0,0
9218,"
Siddhesh Lad",1,1,15,15.0,115.38,15,0,0,0,1,1,0,0,0,0,0,0,0.0,0.0,0,0
145,Dinesh Karthik,229,208,4376,26.85,132.65,97,45,0,20,426,134,0,0,0,0,0,0,0.0,0.0,0,0
10692,Lockie Ferguson,35,9,67,33.5,148.89,24,7,0,0,6,2,35,765,1075,36,28 / 5,28 / 5,8.43,29.86,0,0
12254,Tom Banton,2,2,18,9.0,90.0,10,0,0,0,1,1,0,0,0,0,0,0,0.0,0.0,0,0
576,Rohit Sharma,227,222,5879,30.3,129.89,109,28,1,40,519,240,32,339,453,15,6 / 1,6 / 1,8.02,30.2,0,0
8117,"
Trent Boult",78,18,53,10.6,110.42,17,13,0,0,2,2,78,1789,2475,92,18 / 4,18 / 4,8.3,26.9,0,0
12087,Rahul Chahar,55,19,108,8.31,108.0,25,6,0,0,10,4,54,1180,1477,57,27 / 3,27 / 3,7.51,25.91,0,0
8520,Quinton de Kock,92,92,2764,32.14,133.91,140,6,2,19,277,106,0,0,0,0,0,0,0.0,0.0,0,0
10276,Ishan Kishan,75,70,1870,29.22,132.34,99,6,0,12,166,85,0,0,0,0,0,0,0.0,0.0,0,0
7752,Chris Lynn,42,42,1329,34.08,140.63,93,3,0,10,132,66,0,0,0,0,0,0,0.0,0.0,0,0
3651,Mohsin Khan,0,0,0,0.0,0.0,0,0,0,0,0,0,0,0,0,0,0,0,0.0,0.0,0,0
9647,Hardik Pandya,107,100,1963,30.2,147.59,91,35,0,8,146,110,70,1052,1535,50,17 / 4,17 / 4,8.75,30.7,0,0
657,Kieron Pollard,189,171,3412,28.67,147.32,87,52,0,16,218,223,107,1488,2180,69,44 / 4,44 / 4,8.79,31.59,0,0
12344,Anukul Roy,3,1,0,0.0,0.0,0,0,0,0,0,0,3,54,66,2,11 / -,11 / -,7.33,33.0,0,0
6315,Aditya Tare,35,28,339,14.12,124.18,59,4,0,1,40,11,0,0,0,0,0,0,0.0,0.0,0,0
8182,Jayant Yadav,19,5,40,10.0,111.11,23,1,0,0,2,1,19,366,419,8,8 / -,8 / -,6.87,52.38,0,0
7915,Suryakumar Yadav,123,108,2644,30.05,136.78,82,20,0,16,284,84,1,6,8,0,8 / -,8 / -,8.0,0.0,0,0
1601,Saurabh Tiwary,93,74,1494,28.73,120.1,61,22,0,8,111,50,0,0,0,0,0,0,0.0,0.0,0,0
13748,Sherfane Rutherford,10,9,106,15.14,101.92,28,2,0,0,3,8,6,41,59,1,6 / 1,6 / 1,8.63,59.0,0,0
2283,James Pattinson,10,2,15,15.0,115.38,11,1,0,0,2,0,10,213,320,11,19 / 2,19 / 2,9.01,29.09,0,0
11311,Krunal Pandya,98,85,1326,22.1,136.7,86,25,0,1,121,50,93,1672,2038,61,14 / 4,14 / 4,7.31,33.41,0,0
1451,Dhawal Kulkarni,92,23,104,11.56,96.3,28,14,0,0,7,2,92,1787,2474,86,14 / 2,14 / 2,8.31,28.77,0,0
9311,Jasprit Bumrah,120,26,56,8.0,84.85,16,19,0,0,4,1,120,2742,3380,145,10 / 3,10 / 3,7.4,23.31,1,0
10947,Anmolpreet Singh,3,3,29,9.67,107.41,16,0,0,0,3,1,0,0,0,0,0,0,0.0,0.0,0,0
2250,Steven Smith,103,93,2485,34.51,128.09,101,21,1,11,225,60,1,2,5,0,5 / 3,5 / 3,0.0,0.0,0,0
14696,Akash Singh,1,0,0,0.0,0.0,0,0,0,0,0,0,1,24,39,0,39 / -,39 / -,9.75,0.0,0,0
11540,Jofra Archer,35,23,195,15.0,157.26,27,10,0,0,11,14,35,825,981,46,15 / 4,15 / 4,7.13,21.33,0,0
9522,Tom Curran,13,10,127,25.4,118.69,54,5,0,1,10,3,13,238,430,13,29 / 4,29 / 4,10.84,33.08,0,0
13940,Yashasvi Jaiswal,23,23,547,23.78,134.73,68,0,0,3,62,22,1,1,6,0,6 / -,6 / -,0.0,0.0,0,0
13136,Kartik Tyagi,16,7,13,3.25,81.25,7,3,0,0,1,0,16,361,570,14,29 / -,29 / -,9.47,40.71,0,0
12627,Mayank Markande,20,8,27,9.0,93.1,7,5,0,0,3,0,20,360,510,17,23 / 0,23 / 0,8.5,30.0,0,0
12305,Riyan Parag,47,37,522,16.84,124.88,56,6,0,2,40,22,19,157,280,4,7 / -,7 / -,10.7,70.0,0,0
8271,Sanju Samson,138,134,3526,29.14,135.72,119,13,3,17,279,158,0,0,0,0,0,0,0.0,0.0,0,0
6557,Ben Stokes,43,42,920,25.56,134.5,107,6,2,2,79,32,37,683,974,28,15 / 3,15 / 3,8.56,34.79,0,0
11442,Oshane Thomas,4,0,0,0.0,0.0,0,0,0,0,0,0,4,60,79,5,6 / 5,6 / 5,7.9,15.8,0,0
6327,"
Jaydev Unadkat",91,26,164,13.67,123.31,26,14,0,0,13,6,90,1896,2778,91,25 / 3,25 / 3,8.79,30.53,2,0
8358,Manan Vohra,55,50,1073,22.35,131.17,95,2,0,3,103,43,0,0,0,0,0,0,0.0,0.0,0,0
527,Robin Uthappa,205,197,4952,27.51,130.35,88,17,0,27,481,182,0,0,0,0,0,0,0.0,0.0,0,0
9617,Andrew Tye,30,13,91,10.11,119.74,25,4,0,0,6,5,30,684,979,42,17 / 4,17 / 4,8.59,23.31,1,0
9693,Rahul Tewatia,64,46,738,25.45,130.39,53,17,0,1,57,35,50,830,1096,32,18 / -,18 / -,7.92,34.25,0,0
10919,Shashank Singh,10,5,69,17.25,146.81,25,1,0,0,5,4,2,12,20,0,10 / -,10 / -,10.0,0.0,0,0
8924,Ankit Rajpoot,29,7,26,5.2,63.41,8,2,0,0,2,1,29,529,814,24,14 / -,14 / -,9.23,33.92,1,0
6349,David Miller,105,102,2455,36.64,137.69,101,35,1,12,169,113,0,0,0,0,0,0,0.0,0.0,0,0
10954,Mahipal Lomror,18,15,267,20.54,128.37,47,2,0,0,15,13,8,72,92,1,22 / -,22 / -,7.67,92.0,0,0
9746,Shreyas Gopal,49,22,180,12.86,106.51,24,8,0,0,19,2,48,949,1281,49,16 / -,16 / -,8.1,26.14,0,0
2258,Jos Buttler,82,81,2831,39.87,149.71,124,10,5,15,277,135,0,0,0,0,0,0,0.0,0.0,0,0
13135,Anuj Rawat,10,9,129,14.33,108.4,66,0,0,1,10,7,0,0,0,0,0,0,0.0,0.0,0,0
6293,Varun Aaron,52,13,50,10.0,69.44,17,8,0,0,2,2,50,994,1481,44,16 / -,16 / -,8.94,33.66,0,0
1413,Virat Kohli,223,215,6624,36.2,129.15,113,32,5,44,578,218,26,251,368,4,25 / 1,25 / 1,8.8,92.0,0,0
7910,Yuzvendra Chahal,131,20,37,5.29,43.02,8,13,0,0,0,0,130,2856,3624,166,40 / 6,40 / 6,7.61,21.83,1,0
1643,Aaron Finch,92,90,2091,24.89,128.2,88,6,0,15,214,78,5,43,67,1,11 / 0,11 / 0,9.35,67.0,0,0
10808,Mohammed Siraj,65,20,96,13.71,88.07,14,13,0,0,10,2,65,1334,1951,59,32 / 1,32 / 1,8.78,33.07,0,0
8281,Pawan Negi,50,35,365,14.04,126.3,36,9,0,0,27,16,42,716,939,34,18 / 1,18 / 1,7.87,27.62,0,0
74,Parthiv Patel,139,137,2848,22.6,120.78,81,11,0,13,365,49,0,0,0,0,0,0,0.0,0.0,0,0
9715,Navdeep Saini,30,7,33,8.25,89.19,12,3,0,0,3,0,30,622,900,20,24 / 3,24 / 3,8.68,45.0,0,0
508,Dale Steyn,95,37,167,7.59,104.38,19,15,0,0,14,3,95,2176,2508,97,8 / 4,8 / 4,6.92,25.86,0,0
10945,Washington Sundar,51,33,318,14.45,120.45,40,11,0,0,26,9,49,918,1106,33,16 / 3,16 / 3,7.23,33.52,0,0
8642,Adam Zampa,14,2,5,2.5,62.5,5,0,0,0,1,0,14,287,370,21,19 / 5,19 / 5,7.74,17.62,1,0
1858,Umesh Yadav,133,45,177,9.83,105.36,24,27,0,0,15,8,132,2810,3918,135,23 / 2,23 / 2,8.37,29.02,0,0
1920,Isuru Udana,10,4,15,5.0,136.36,10,1,0,0,1,1,10,174,282,8,41 / 3,41 / 3,9.72,35.25,0,0
14606,Shahbaz Ahmed,29,19,279,18.6,118.72,45,4,0,0,18,11,22,330,472,13,7 / -,7 / -,8.58,36.31,0,0
13172,Josh Philippe,5,5,78,19.5,101.3,33,1,0,0,9,1,0,0,0,0,0,0,0.0,0.0,0,0
13088,Devdutt Padikkal,46,46,1260,28.0,124.38,101,1,1,7,135,36,0,0,0,0,0,0,0.0,0.0,0,0
8333,Chris Morris,81,51,618,22.07,155.28,82,23,0,2,41,35,81,1720,2295,95,23 / 4,23 / 4,8.01,24.16,0,0
8298,Gurkeerat Singh Mann,41,32,511,21.29,121.09,65,8,0,2,55,11,6,78,97,5,15 / -,15 / -,7.46,19.4,0,0
11195,Shivam Dube,35,33,688,24.57,133.33,95,5,0,3,46,38,13,106,166,4,15 / 3,15 / 3,9.4,41.5,0,0
370,AB de Villiers,184,170,5162,39.71,151.69,133,40,3,40,413,251,0,0,0,0,0,0,0.0,0.0,0,0
6692,Moeen Ali,44,42,910,23.33,143.99,93,3,0,5,76,53,37,554,627,24,7 / 3,7 / 3,6.79,26.12,0,0
1739,David Warner,162,162,5881,42.01,140.69,126,22,4,55,578,215,1,1,2,0,2 / -,2 / -,0.0,0.0,0,0
12086,Abhishek Sharma,36,34,667,23.82,135.29,75,6,0,2,64,25,17,156,214,7,4 / -,4 / -,8.23,30.57,0,0
9785,Fabian Allen,5,4,14,7.0,73.68,8,2,0,0,1,0,4,90,136,2,22 / 2,22 / 2,9.07,68.0,0,0
10267,Basil Thampi,25,8,32,32.0,91.43,13,7,0,0,1,1,25,521,846,22,29 / -,29 / -,9.74,38.45,0,0
1807,Shreevats Goswami,31,21,293,14.65,99.32,52,1,0,1,32,3,0,0,0,0,0,0,0.0,0.0,0,0
1828,Siddarth Kaul,55,12,20,5.0,55.56,7,8,0,0,1,0,55,1209,1739,58,29 / 2,29 / 2,8.63,29.98,0,0
7906,Shahbaz Nadeem,72,22,39,2.79,44.83,6,8,0,0,2,0,70,1415,1784,48,16 / -,16 / -,7.56,37.17,0,0
1836,Manish Pandey,160,149,3648,29.9,121.52,114,27,1,21,317,105,0,0,0,0,0,0,0.0,0.0,0,0
10738,Rashid Khan,92,43,313,11.18,151.94,40,15,0,0,20,22,92,2195,2333,112,24 / 5,24 / 5,6.38,20.83,0,0
11631,Sanjay Yadav,1,1,0,0.0,0.0,0,0,0,0,0,0,1,12,23,0,23 / -,23 / -,11.5,0.0,0,0
9572,Billy Stanlake,6,1,5,0.0,250.0,5,1,0,0,1,0,6,144,200,7,21 / 4,21 / 4,8.33,28.57,0,0
6326,Kane Williamson,76,75,2101,36.22,126.03,89,17,0,18,181,64,2,18,31,0,7 / 2,7 / 2,10.33,0.0,0,0
10213,Virat Singh,3,2,15,7.5,57.69,11,0,0,0,1,0,0,0,0,0,0,0,0.0,0.0,0,0
8204,Vijay Shankar,51,43,731,23.58,122.04,63,12,0,3,46,28,22,238,344,9,19 / 2,19 / 2,8.67,38.22,0,0
8356,Sandeep Sharma,104,25,52,8.67,81.25,9,19,0,0,4,0,104,2318,3002,114,20 / 1,20 / 1,7.77,26.33,0,0
1465,Wriddhiman Saha,144,119,2427,25.28,127.87,115,23,1,11,231,76,0,0,0,0,0,0,0.0,0.0,0,0
13113,Prithvi Raj,2,1,0,0.0,0.0,0,1,0,0,0,0,2,30,57,1,29 / -,29 / -,11.4,57.0,0,0
10225,T Natarajan,35,4,3,0.0,60.0,3,4,0,0,0,0,35,759,1094,38,10 / 3,10 / 3,8.65,28.79,0,0
3007,Mohammad Nabi,17,14,180,15.0,151.26,31,2,0,0,16,9,17,343,408,13,11 / 4,11 / 4,7.14,31.38,0,0
8313,Jason Holder,38,24,247,13.0,124.12,47,5,0,0,13,17,38,824,1177,49,52 / 5,52 / 5,8.57,24.02,0,0
12089,Priyam Garg,21,17,251,15.69,115.14,51,1,0,1,15,9,0,0,0,0,0,0,0.0,0.0,0,0
6507,Jonny Bairstow,39,39,1291,35.86,142.65,114,3,1,9,133,55,0,0,0,0,0,0,0.0,0.0,0,0
10952,Khaleel Ahmed,34,5,1,0.2,14.29,1,0,0,0,0,0,34,778,1101,48,21 / 2,21 / 2,8.49,22.94,0,0
14628,Abdul Samad,25,20,226,14.12,142.14,33,4,0,0,12,14,5,54,113,2,9 / -,9 / -,12.56,56.5,0,0
1448,Cheteshwar Pujara,30,22,390,20.53,99.74,51,3,0,1,50,4,0,0,0,0,0,0,0.0,0.0,0,0
9244,Lukman Hussain Meriwala,1,0,0,0.0,0.0,0,0,0,0,0,0,1,18,32,1,32 / -,32 / -,10.67,32.0,0,0
7990,Sam Billings,30,27,503,19.35,129.64,56,1,0,3,40,20,0,0,0,0,0,0,0.0,0.0,0,0
11893,Vishnu Vinod,3,3,19,6.33,73.08,9,0,0,0,1,1,0,0,0,0,0,0,0.0,0.0,0,0
9443,Tim Seifert,3,3,26,8.67,113.04,21,0,0,0,4,0,0,0,0,0,0,0,0.0,0.0,0,0
544,Shakib al Hasan,71,52,793,19.82,124.49,66,12,0,2,73,21,70,1484,1839,63,17 / 5,17 / 5,7.44,29.19,0,0
8846,Sheldon Jackson,9,8,61,10.17,107.02,16,2,0,0,5,1,0,0,0,0,0,0,0.0,0.0,0,0
15861,Vaibhav Arora,5,4,5,2.5,38.46,2,2,0,0,0,0,5,107,164,3,21 / -,21 / -,9.2,54.67,0,0
8118,Ben Cutting,21,17,238,21.64,168.79,39,6,0,0,15,19,17,281,429,10,20 / 1,20 / 1,9.16,42.9,0,0
10917,Venkatesh Iyer,22,22,552,27.6,120.79,67,2,0,5,54,21,8,75,115,3,29 / 2,29 / 2,9.2,38.33,0,0
7625,Adam Milne,10,6,23,5.75,79.31,15,2,0,0,0,1,10,207,327,7,21 / 4,21 / 4,9.48,46.71,0,0
14565,Marco Jansen,10,5,9,3.0,90.0,8,2,0,0,0,1,10,228,319,9,25 / 1,25 / 1,8.39,35.44,0,0
6660,Dawid Malan,1,1,26,26.0,100.0,26,0,0,0,1,1,0,0,0,0,0,0,0.0,0.0,0,0
10280,Jhye Richardson,3,2,15,7.5,62.5,15,0,0,0,2,0,3,66,117,3,41 / 3,41 / 3,10.64,39.0,0,0
10226,Shahrukh Khan,19,18,270,19.29,121.62,47,4,0,0,13,19,0,0,0,0,0,0,0.0,0.0,0,0
12226,Riley Meredith,13,2,0,0.0,0.0,0,2,0,0,0,0,13,270,405,12,24 / 3,24 / 3,9.0,33.75,0,0
1437,Moises Henriques,62,54,1000,27.78,126.9,74,18,0,5,87,28,60,950,1289,42,12 / 3,12 / 3,8.14,30.69,0,0
8107,Jalaj Saxena,1,0,0,0.0,0.0,0,0,0,0,0,0,1,18,27,0,27 / -,27 / -,9.0,0.0,0,0
15480,Nathan Ellis,5,3,18,9.0,100.0,12,1,0,0,0,1,5,102,145,4,40 / 4,40 / 4,8.53,36.25,0,0
9863,Mustafizur Rahim,46,8,12,12.0,54.55,8,7,0,0,0,1,46,1050,1365,46,16 / 5,16 / 5,7.8,29.67,0,0
9863,Mustafizur Rahim,46,8,12,12.0,54.55,8,7,0,0,0,1,46,1050,1365,46,16 / 5,16 / 5,7.8,29.67,0,0
9863,Mustafizur Rahim,46,8,12,12.0,54.55,8,7,0,0,0,1,46,1050,1365,46,16 / 5,16 / 5,7.8,29.67,0,0
9863,Mustafizur Rahim,46,8,12,12.0,54.55,8,7,0,0,0,1,46,1050,1365,46,16 / 5,16 / 5,7.8,29.67,0,0
9863,Mustafizur Rahim,46,8,12,12.0,54.55,8,7,0,0,0,1,46,1050,1365,46,16 / 5,16 / 5,7.8,29.67,0,0
9863,Mustafizur Rahim,46,8,12,12.0,54.55,8,7,0,0,0,1,46,1050,1365,46,16 / 5,16 / 5,7.8,29.67,0,0
9863,Mustafizur Rahim,46,8,12,12.0,54.55,8,7,0,0,0,1,46,1050,1365,46,16 / 5,16 / 5,7.8,29.67,0,0
9863,Mustafizur Rahim,46,8,12,12.0,54.55,8,7,0,0,0,1,46,1050,1365,46,16 / 5,16 / 5,7.8,29.67,0,0
9863,Mustafizur Rahman,46,8,12,12.0,54.55,8,7,0,0,0,1,46,1050,1365,46,16 / 5,16 / 5,7.8,29.67,0,0
9863,Mustafizur Rahman,46,8,12,12.0,54.55,8,7,0,0,0,1,46,1050,1365,46,16 / 5,16 / 5,7.8,29.67,0,0
9863,Mustafizur Rahman,46,8,12,12.0,54.55,8,7,0,0,0,1,46,1050,1365,46,16 / 5,16 / 5,7.8,29.67,0,0
9863,Mustafizur Rahman,46,8,12,12.0,54.55,8,7,0,0,0,1,46,1050,1365,46,16 / 5,16 / 5,7.8,29.67,0,0
9863,Mustafizur Rahman,46,8,12,12.0,54.55,8,7,0,0,0,1,46,1050,1365,46,16 / 5,16 / 5,7.8,29.67,0,0
9863,Mustafizur Rahman,46,8,12,12.0,54.55,8,7,0,0,0,1,46,1050,1365,46,16 / 5,16 / 5,7.8,29.67,0,0
9863,Mustafizur Rahman,46,8,12,12.0,54.55,8,7,0,0,0,1,46,1050,1365,46,16 / 5,16 / 5,7.8,29.67,0,0
9863,Mustafizur Rahman,46,8,12,12.0,54.55,8,7,0,0,0,1,46,1050,1365,46,16 / 5,16 / 5,7.8,29.67,0,0
13494,Chetan Sakariya,17,6,16,3.2,64.0,7,1,0,0,2,0,17,378,510,17,31 / 1,31 / 1,8.1,30.0,0,0
10045,Liam Livingstone,23,23,549,27.45,166.87,70,3,0,4,38,40,13,144,215,6,27 / 2,27 / 2,8.96,35.83,0,0
13537,Kuldip Yadav,1,1,0,0.0,0.0,0,1,0,0,0,0,1,12,16,0,16 / -,16 / -,8.0,0.0,0,0
10693,Glenn Phillips,3,3,26,13.0,78.79,14,1,0,0,1,2,2,12,20,1,17 / 1,17 / 1,10.0,20.0,0,0
8709,Sachin Baby,19,11,144,16.0,122.03,33,2,0,0,11,5,2,10,8,2,4 / -,4 / -,4.8,4.0,0,0
10636,Rajat Patidar,12,11,404,40.4,144.29,112,1,1,2,30,21,0,0,0,0,0,0,0.0,0.0,0,0
9441,Kyle Jamieson,9,7,65,16.25,118.18,16,3,0,0,5,3,9,168,269,9,41 / 2,41 / 2,9.61,29.89,0,0
12669,Suyesh Prabhudessai,5,5,67,13.4,113.56,34,0,0,0,7,2,0,0,0,0,0,0,0.0,0.0,0,0
12669,Suyesh Prabhudessai,5,5,67,13.4,113.56,34,0,0,0,7,2,0,0,0,0,0,0,0.0,0.0,0,0
12669,Suyesh Prabhudessai,5,5,67,13.4,113.56,34,0,0,0,7,2,0,0,0,0,0,0,0.0,0.0,0,0
12669,Suyesh Prabhudessai,5,5,67,13.4,113.56,34,0,0,0,7,2,0,0,0,0,0,0,0.0,0.0,0,0
12669,Suyesh Prabhudessai,5,5,67,13.4,113.56,34,0,0,0,7,2,0,0,0,0,0,0,0.0,0.0,0,0
12669,Suyesh Prabhudessai,5,5,67,13.4,113.56,34,0,0,0,7,2,0,0,0,0,0,0,0.0,0.0,0,0
12669,Suyesh Prabhudessai,5,5,67,13.4,113.56,34,0,0,0,7,2,0,0,0,0,0,0,0.0,0.0,0,0
12669,Suyesh Prabhudessai,5,5,67,13.4,113.56,34,0,0,0,7,2,0,0,0,0,0,0,0.0,0.0,0,0
12669,Suyash Prabhudessai,5,5,67,13.4,113.56,34,0,0,0,7,2,0,0,0,0,0,0,0.0,0.0,0,0
12669,Suyash Prabhudessai,5,5,67,13.4,113.56,34,0,0,0,7,2,0,0,0,0,0,0,0.0,0.0,0,0
12669,Suyash Prabhudessai,5,5,67,13.4,113.56,34,0,0,0,7,2,0,0,0,0,0,0,0.0,0.0,0,0
12669,Suyash Prabhudessai,5,5,67,13.4,113.56,34,0,0,0,7,2,0,0,0,0,0,0,0.0,0.0,0,0
12669,Suyash Prabhudessai,5,5,67,13.4,113.56,34,0,0,0,7,2,0,0,0,0,0,0,0.0,0.0,0,0
12669,Suyash Prabhudessai,5,5,67,13.4,113.56,34,0,0,0,7,2,0,0,0,0,0,0,0.0,0.0,0,0
12669,Suyash Prabhudessai,5,5,67,13.4,113.56,34,0,0,0,7,2,0,0,0,0,0,0,0.0,0.0,0,0
12669,Suyash Prabhudessai,5,5,67,13.4,113.56,34,0,0,0,7,2,0,0,0,0,0,0,0.0,0.0,0,0
13169,Tim David,9,9,187,31.17,210.11,46,3,0,0,12,16,0,0,0,0,0,0,0.0,0.0,0,0
8393,Dushmantha Chameera,12,8,43,10.75,153.57,17,4,0,0,3,3,12,264,384,9,17 / 4,17 / 4,8.73,42.67,0,0
10926,Wanindu Hasaranga,18,9,39,4.88,86.67,18,1,0,0,4,1,18,378,490,26,18 / 4,18 / 4,7.78,18.85,1,0
1726,Bhuvneshwar Kumar,146,57,241,8.31,96.4,24,28,0,0,23,3,146,3262,3971,154,19 / 5,19 / 5,7.3,25.79,1,0
13866,Sai Sudharshan,5,5,145,36.25,127.19,65,1,0,1,14,3,0,0,0,0,0,0,0.0,0.0,0,0
13213,Rahmanullah Gurbaz,0,0,0,0.0,0.0,0,0,0,0,0,0,0,0,0,0,0,0,0.0,0.0,0,0
1649,Matthew Wade,13,13,179,13.77,104.68,35,0,0,0,23,2,0,0,0,0,0,0,0.0,0.0,0,0
14172,Yash Dayal,9,1,0,0.0,0.0,0,0,0,0,0,0,9,192,296,11,40 / -,40 / -,9.25,26.91,0,0
1472,Pradeep Sangwan,42,15,26,3.25,59.09,6,7,0,0,1,0,42,856,1240,38,18 / -,18 / -,8.69,32.63,0,0
11220,Alzarri Joseph,12,5,20,20.0,100.0,15,4,0,0,2,0,12,232,351,13,12 / -,12 / -,9.08,27.0,1,0
15452,Noor Ahmad,0,0,0,0.0,0.0,0,0,0,0,0,0,0,0,0,0,0,0,0.0,0.0,0,0
13750,Dominic Drakes,0,0,0,0.0,0.0,0,0,0,0,0,0,0,0,0,0,0,0,0.0,0.0,0,0
9838,Devon Conway,7,7,252,42.0,145.66,87,1,0,3,22,12,0,0,0,0,0,0,0.0,0.0,0,0
18504,Maheesh Theekshana,9,2,7,7.0,100.0,7,1,0,0,0,1,9,210,261,12,33 / 3,33 / 3,7.46,21.75,0,0
16458,Matheesha Pathirana,2,0,0,0.0,0.0,0,0,0,0,0,0,2,41,52,2,24 / -,24 / -,7.61,26.0,0,0
13184,Mukesh Choudhary,13,2,6,6.0,100.0,4,1,0,0,1,0,13,273,424,16,46 / -,46 / -,9.32,26.5,0,0
12805,Prashant Solanki,2,0,0,0.0,0.0,0,0,0,0,0,0,2,36,38,2,20 / -,20 / -,6.33,19.0,0,0
8651,Dwaine Pretorius,6,5,44,11.0,157.14,22,1,0,0,3,3,6,126,210,6,30 / 5,30 / 5,10.0,35.0,0,0
11445,Rovman Powell,14,12,250,25.0,149.7,67,2,0,1,10,22,1,6,17,0,17 / 2,17 / 2,17.0,0.0,0,0
6250,Mitchell Marsh	,29,23,476,22.67,123.32,89,2,0,2,28,28,23,391,522,24,25 / 3,25 / 3,8.01,21.75,0,0
12813,Abhijeet Tomar,1,1,4,4.0,50.0,4,0,0,0,1,0,0,0,0,0,0,0,0.0,0.0,0,0
9624,Baba Indrajith,3,3,21,7.0,70.0,15,0,0,0,2,0,0,0,0,0,0,0,0.0,0.0,0,0
1057,Tim Southee,52,20,120,9.23,112.15,36,7,0,0,8,4,52,1170,1663,45,20 / 5,20 / 5,8.53,36.96,0,0
9500,Chamika Karunaratne,0,0,0,0.0,0.0,0,0,0,0,0,0,0,0,0,0,0,0,0.0,0.0,0,0
8579,Evin Lewis,27,26,654,27.25,137.11,65,2,0,4,62,36,0,0,0,0,0,0,0.0,0.0,0,0
8440,Kyle Mayers,0,0,0,0.0,0.0,0,0,0,0,0,0,0,0,0,0,0,0,0.0,0.0,0,0
18738,Karan Sharma,1,1,4,4.0,100.0,4,0,0,0,1,0,0,0,0,0,0,0,0.0,0.0,0,0
13907,Ayush Badoni,13,11,161,20.12,123.85,54,3,0,1,11,7,2,12,11,2,5 / -,5 / -,5.5,5.5,0,0
14504,Tilak Varma,14,14,397,36.09,131.02,61,3,0,2,29,16,2,12,13,0,6 / -,6 / -,6.5,0.0,0,0
12337,Ramandeep Singh,5,4,45,22.5,112.5,14,2,0,0,3,1,3,36,54,6,20 / -,20 / -,9.0,9.0,0,0
20538,Dewald Brevis,7,7,161,23.0,142.48,49,0,0,0,14,11,1,3,8,1,8 / -,8 / -,0.0,8.0,0,0
14190,Kumar Kartikeya Singh,4,1,3,3.0,60.0,3,0,0,0,0,0,4,78,102,5,22 / -,22 / -,7.85,20.4,0,0
7860,Tymal Mills,10,5,8,2.0,57.14,6,1,0,0,0,1,10,209,343,11,35 / 3,35 / 3,9.85,31.18,0,0
14595,Hrithik Shokeen,5,3,43,21.5,89.58,25,1,0,0,5,0,5,90,127,2,47 / -,47 / -,8.47,63.5,0,0
11054,Prerak Mankad,1,1,4,0.0,400.0,4,1,0,0,1,0,0,0,0,0,0,0,0.0,0.0,0,0
7869,Bhanuka Rajapaksa,9,9,206,22.89,159.69,43,0,0,0,16,13,0,0,0,0,0,0,0.0,0.0,0,0
10214,Jitesh Sharma,12,10,234,29.25,163.64,44,2,0,0,22,12,0,0,0,0,0,0,0.0,0.0,0,0
11215,Odean Smith,6,6,51,17.0,115.91,25,3,0,0,1,5,6,90,178,6,30 / 2,30 / 2,11.87,29.67,0,0
22601,Raj Bawa	,2,2,11,5.5,78.57,11,0,0,0,1,0,0,0,0,0,0,0,0.0,0.0,0,0
8616,Rishi Dhawan,32,21,190,21.11,108.57,25,12,0,0,17,6,31,602,796,24,14 / 1,14 / 1,7.93,33.17,0,0
9554,Rassie van der Dussen,3,3,22,11.0,91.67,12,1,0,0,2,0,0,0,0,0,0,0,0.0,0.0,0,0
14336,Kuldeep Sen,7,1,0,0.0,0.0,0,1,0,0,0,0,7,151,237,8,20 / -,20 / -,9.42,29.62,0,0
11221,Obed McCoy,7,1,8,8.0,160.0,8,0,0,0,0,1,7,155,237,11,23 / 4,23 / 4,9.17,21.55,0,0
12639,Tejas Baroka,1,0,0,0.0,0.0,0,0,0,0,0,0,1,21,33,0,33 / -,33 / -,9.43,0.0,0,0
10353,KC Cariappa,11,5,24,8.0,114.29,12,2,0,0,0,2,11,216,348,8,16 / -,16 / -,9.67,43.5,0,0
10713,Daryl Mitchell,2,2,33,16.5,75.0,17,0,0,0,1,0,2,12,27,0,7 / 2,7 / 2,13.5,0.0,0,0
11172,Finn Allen ,0,0,0,0.0,0.0,0,0,0,0,0,0,0,0,0,0,0,0,0.0,0.0,0,0
14726,Akash Deep,5,1,0,0.0,0.0,0,0,0,0,0,0,5,113,205,5,45 / -,45 / -,10.88,41.0,0,0
6592,David Willey,7,2,18,9.0,60.0,18,0,0,0,3,0,7,126,167,3,24 / 4,24 / 4,7.95,55.67,0,0
9582,Aiden Markram,20,18,527,40.54,134.1,68,5,0,3,37,23,6,60,87,1,8 / 3,8 / 3,8.7,87.0,0,0
19027,Umran Malik,17,4,4,4.0,50.0,3,3,0,0,0,0,17,367,540,24,25 / 1,25 / 1,8.83,22.5,1,0
13646,Romario Shepherd,3,3,58,29.0,141.46,26,1,0,0,2,5,3,54,98,3,42 / 3,42 / 3,10.89,32.67,0,0
8136,Sean Abbott,3,3,22,7.33,122.22,14,0,0,0,1,2,3,54,104,1,47 / 2,47 / 2,11.56,104.0,0,0
